"levelId","chapter","totalCardCount","categoryCount","itemCardCount","imageCardCount","columnHeights","fifthColumnCount","drawBatchCount","parMoves","threeStarMoves","twoStarMoves","solverSolved","solverMoves","solverNodes","solverBacktracks","solverBranchingStates","solverDealDecisionStates","solverForcedMoves","maxActiveCategories","contentReviewChecked","ambiguityNotes","layoutSignature"
"","1","54","9","45","0","2/3/4/5/6","6","7","61","66","76","true","61","386","324","162","77","53","5","true","","9#I0.5,C0.5,I1.5|I0.5,I0.5,I0.5,I2.5,I3.5,I3.5|I3.5,C3.5|I4.5,I4.5,I2.5,C5.5|I4.5,I4.5,I6.5,I7.5,I1.5#I2.5,I6.5,C2.5,I7.5,I8.5|I1.5,C7.5,I5.5,I5.5,I5.5|I6.5,I5.5,C1.5,I3.5,I5.5|I1.5,I2.5,I7.5,I8.5,I6.5|C6.5,C8.5,I3.5,I8.5,I8.5|I8.5,I1.5,I2.5,I7.5,I7.5|I6.5,_,I4.5,C4.5,I0.5"
"","1","54","9","45","9","2/3/4/5/6","6","7","61","66","76","true","61","132","70","77","27","18","5","true","","9#I0.5,C1.5,I2.5,C2.5|I3.5,I2.5|I3.5,I4.5,I5.5,I4.5,I4.5|I4.5,I3.5,I5.5,I5.5,I6.5,C7.5|I5.5,I8.5,I2.5#I1.5,I3.5,I6.5,I6.5,I7.5|C4.5,C6.5,I7.5,I0.5,I1.5|I2.5,I5.5,I6.5,I8.5,C8.5|I8.5,I3.5,I2.5,I4.5,I0.5|I8.5,I7.5,I8.5,C5.5,I6.5|I1.5,I1.5,I7.5,I7.5,I1.5|C0.5,C3.5,I0.5,_,I0.5"
"","1","54","9","45","9","2/3/4/5/6","6","7","61","66","76","true","61","292","230","126","91","66","5","true","","9#C0.5,I1.5,C1.5|C2.5,I0.5,I3.5,I1.5,C4.5|I0.5,I1.5,I1.5,I4.5,I1.5,C5.5|I5.5,C3.5|I5.5,I2.5,I5.5,I0.5#I5.5,I4.5,I3.5,I0.5,I3.5|I6.5,I4.5,I2.5,I6.5,I2.5|I4.5,I0.5,I2.5,I2.5,I4.5|I3.5,I5.5,I3.5,I6.5,C6.5|I6.5,I6.5,I7.5,C7.5,C8.5|I7.5,I8.5,I8.5,I7.5,I8.5|I7.5,I8.5,_,I8.5,I7.5"
"","1","54","9","45","9","2/3/4/5/6","6","7","61","66","76","true","61","470","408","201","58","80","5","true","","9#I0.5,I0.5,I1.5,I2.5,C0.5|I1.5,I0.5,I1.5,I3.5,I4.5,I5.5|I1.5,I1.5|I2.5,I6.5,I6.5,C7.5|I7.5,I5.5,C5.5#C6.5,I8.5,I0.5,I5.5,I5.5|I4.5,I8.5,I4.5,C1.5,I6.5|I3.5,I2.5,C4.5,I2.5,I6.5|I8.5,C8.5,C3.5,I3.5,I6.5|I5.5,I7.5,I7.5,I3.5,I0.5|I4.5,C2.5,I2.5,I4.5,I7.5|I3.5,_,I8.5,I7.5,I8.5"
"","1","54","9","45","9","2/3/4/5/6","6","7","61","66","76","true","61","244","182","112","45","21","5","true","","9#I0.5,C1.5|I1.5,I2.5,I0.5,I3.5,I4.5|I2.5,I2.5,I1.5|I2.5,I2.5,I5.5,I1.5|I5.5,I5.5,I4.5,I6.5,I4.5,C4.5#I4.5,I6.5,I4.5,C6.5,C7.5|I0.5,I8.5,I5.5,I1.5,I5.5|C3.5,C8.5,I8.5,C0.5,I8.5|I3.5,I6.5,I7.5,I3.5,I7.5|I6.5,I6.5,C2.5,I3.5,I7.5|I8.5,C5.5,I1.5,I0.5,I3.5|I7.5,I8.5,I0.5,I7.5,_"
"","1","54","9","45","0","2/3/4/5/6","6","7","61","66","76","true","61","103","41","63","30","18","5","true","","9#I0.5,C1.5,C2.5|I3.5,I1.5|I3.5,I4.5,I5.5,I3.5,I6.5|I4.5,I7.5,I3.5,I7.5|I7.5,I4.5,I3.5,I7.5,C4.5,I2.5#I7.5,I8.5,I8.5,I4.5,I5.5|I8.5,I0.5,I1.5,I4.5,C7.5|I0.5,I6.5,I6.5,I5.5,I2.5|I2.5,I8.5,C6.5,I6.5,I2.5|I2.5,C8.5,C0.5,I0.5,I0.5|C5.5,I1.5,I1.5,I1.5,I5.5|I6.5,C3.5,I8.5,I5.5,_"
"","1","54","9","45","9","2/3/4/5/6","6","7","61","66","76","true","61","182","120","85","27","37","5","true","","9#I0.5,C0.5|I0.5,C1.5,C2.5|I1.5,I3.5,I4.5,I4.5,C4.5|I5.5,I3.5,I5.5,I6.5,I1.5,I6.5|I5.5,I5.5,I5.5,I1.5#I7.5,I7.5,I6.5,I1.5,I3.5|I2.5,I2.5,C5.5,I3.5,I1.5|I3.5,I0.5,I4.5,C8.5,I6.5|C7.5,I2.5,I8.5,I0.5,I7.5|I6.5,I8.5,I8.5,I7.5,I7.5|I4.5,I0.5,C6.5,I4.5,C3.5|I2.5,I8.5,I8.5,_,I2.5"
"","1","54","9","45","9","2/3/4/5/6","6","7","61","66","76","true","61","12218","12156","3697","248","76","5","true","","9#C0.5,C1.5,C2.5|I3.5,C3.5|I3.5,I2.5,I2.5,C4.5,I3.5|I5.5,I1.5,I1.5,I1.5|I6.5,I4.5,I6.5,I5.5,I6.5,I1.5#I3.5,I4.5,I0.5,I4.5,I0.5|I7.5,I0.5,I8.5,I7.5,I2.5|I2.5,C5.5,C8.5,I0.5,I3.5|I8.5,I7.5,I8.5,I2.5,I8.5|I7.5,C7.5,I7.5,I8.5,C6.5|I5.5,I4.5,I5.5,I6.5,I4.5|I1.5,I0.5,I6.5,I5.5,_"
"","1","54","9","45","9","2/3/4/5/6","6","7","61","66","76","true","61","378","316","148","76","98","5","true","","9#C0.5,C1.5|C2.5,I0.5,I0.5|C3.5,I1.5,C4.5,I0.5|I2.5,I5.5,I0.5,I5.5,I4.5,C5.5|I5.5,I0.5,I5.5,I1.5,I5.5#C6.5,I4.5,I4.5,I4.5,I3.5|I3.5,I3.5,I4.5,I3.5,I2.5|I2.5,I3.5,I1.5,I1.5,I1.5|I2.5,I6.5,I6.5,C7.5,I6.5|I8.5,I8.5,I8.5,I7.5,I7.5|I7.5,I8.5,I8.5,I6.5,I7.5|C8.5,I7.5,I2.5,_,I6.5"
"","1","54","9","45","9","2/3/4/5/6","6","7","61","66","76","true","61","2004","1942","696","91","48","5","true","","9#I0.5,C0.5|I1.5,I1.5,I2.5,I3.5,I4.5|I5.5,I1.5,I5.5,C5.5,C6.5,I0.5|I5.5,I3.5,I7.5|I7.5,I4.5,I6.5,I0.5#I4.5,I4.5,I6.5,I0.5,C4.5|C2.5,I7.5,I3.5,C7.5,C3.5|I0.5,I3.5,I7.5,I6.5,I7.5|C1.5,I3.5,I4.5,C8.5,I6.5|I8.5,I8.5,I2.5,I8.5,I2.5|I6.5,I8.5,I8.5,I5.5,I2.5|I2.5,I1.5,_,I1.5,I5.5"
"","1","54","9","45","0","2/3/4/5/6","6","7","61","66","76","true","61","97","35","55","28","26","5","true","","9#I0.5,C0.5,C1.5|I2.5,I1.5|I3.5,I2.5,I4.5,I5.5,I2.5,I6.5|I7.5,I7.5,I8.5,I1.5|I8.5,I7.5,I8.5,I7.5,I8.5#I1.5,C4.5,I1.5,I1.5,I8.5|I4.5,C6.5,I4.5,I0.5,I5.5|C7.5,I2.5,I5.5,I2.5,I7.5|I3.5,C3.5,I0.5,C8.5,I6.5|I6.5,I5.5,C5.5,I3.5,I4.5|I3.5,I0.5,C2.5,I0.5,I6.5|I4.5,I5.5,_,I3.5,I6.5"
"","1","54","9","45","9","2/3/4/5/6","6","7","61","66","76","true","61","152","90","81","44","34","5","true","","9#I0.5,C1.5,C2.5|I1.5,I1.5,I3.5,I3.5|I3.5,I1.5,I1.5,I4.5,I0.5|I5.5,I6.5,I5.5,C5.5,I2.5,C4.5|I7.5,I8.5#I5.5,C6.5,I0.5,I4.5,I6.5|I7.5,I6.5,I1.5,I5.5,I6.5|I2.5,I2.5,C7.5,I8.5,I6.5|I2.5,I4.5,I8.5,I7.5,I8.5|C3.5,I3.5,I4.5,I7.5,I0.5|I2.5,I7.5,I5.5,I4.5,C0.5|I0.5,I8.5,C8.5,_,I3.5"
"","1","54","9","45","9","2/3/4/5/6","6","7","61","66","76","true","61","112","50","71","52","16","5","true","","9#I0.5,I0.5,I1.5,C2.5|I3.5,I3.5,I2.5|I4.5,I3.5|I4.5,I5.5,I4.5,I5.5,I2.5|I6.5,I7.5,I6.5,I6.5,I7.5,I1.5#I8.5,C3.5,I2.5,I8.5,C1.5|I5.5,C5.5,I2.5,I1.5,I2.5|C4.5,C0.5,I7.5,I8.5,I4.5|C8.5,I6.5,I8.5,I8.5,I1.5|I3.5,I4.5,C7.5,I7.5,C6.5|I5.5,I5.5,I1.5,I7.5,I3.5|I6.5,I0.5,I0.5,I0.5,_"
"","1","54","9","45","9","2/3/4/5/6","6","7","61","66","76","true","61","91","29","62","53","17","5","true","","9#I0.5,I1.5,C0.5|I2.5,I0.5,I1.5,I3.5,I3.5,C4.5|I5.5,I4.5|I5.5,I6.5,I7.5,I7.5|I7.5,I8.5,C8.5,I0.5,I4.5#C3.5,C5.5,I1.5,I2.5,I2.5|I4.5,I1.5,C2.5,I1.5,I5.5|I4.5,I4.5,I3.5,C1.5,I0.5|I8.5,C6.5,I6.5,I8.5,I3.5|I2.5,I5.5,I3.5,I0.5,I8.5|C7.5,I8.5,I7.5,I6.5,I5.5|I6.5,_,I7.5,I2.5,I6.5"
"","1","54","9","45","9","2/3/4/5/6","6","7","61","66","76","true","61","1272","1210","506","119","134","5","true","","9#C0.5,I1.5,I2.5|I0.5,I3.5|I3.5,I4.5,I3.5,I5.5|I6.5,I0.5,I0.5,I4.5,C5.5,C2.5|I6.5,I0.5,I1.5,I2.5,C1.5#I7.5,C7.5,I0.5,I2.5,I1.5|I7.5,I3.5,I7.5,I5.5,C6.5|I2.5,I7.5,I8.5,I2.5,I7.5|I6.5,I6.5,C4.5,C3.5,I5.5|I8.5,I4.5,C8.5,I5.5,I4.5|I8.5,I1.5,I8.5,I8.5,I1.5|I5.5,I4.5,I3.5,_,I6.5"
"","1","54","9","45","0","2/3/4/5/6","6","7","61","66","76","true","61","303","241","131","50","52","5","true","","9#C0.5,I1.5,I1.5,I2.5,I2.5,C1.5|I0.5,I2.5,C3.5|I4.5,C5.5|I5.5,I6.5,I5.5,I5.5,I5.5|I6.5,I6.5,I3.5,I3.5#I3.5,I0.5,I6.5,I6.5,I0.5|I7.5,I4.5,I0.5,I5.5,I3.5|I8.5,I2.5,I2.5,I1.5,C6.5|I8.5,C4.5,I4.5,I1.5,I0.5|I7.5,I7.5,I8.5,I1.5,C2.5|C8.5,C7.5,I8.5,I3.5,I4.5|_,I7.5,I8.5,I4.5,I7.5"
"","1","54","9","45","9","2/3/4/5/6","6","7","61","66","76","true","61","1266","1204","500","113","133","5","true","","9#C0.5,I1.5,C2.5,I3.5,I3.5|C4.5,I0.5,I5.5|I0.5,I5.5,I6.5,C3.5|I4.5,I4.5|I7.5,C7.5,I5.5,I8.5,I6.5,I6.5#I3.5,C5.5,I3.5,I4.5,I3.5|C6.5,I6.5,I8.5,C1.5,C8.5|I2.5,I2.5,I1.5,I1.5,I6.5|I5.5,I1.5,I1.5,I0.5,I5.5|I7.5,I7.5,I8.5,I8.5,I2.5|I2.5,I2.5,I4.5,I7.5,I7.5|I0.5,I8.5,I0.5,I4.5,_"
"","1","54","9","45","9","2/3/4/5/6","6","7","61","66","76","true","61","266","204","117","22","28","5","true","","9#I0.5,I0.5,I0.5,I1.5,I0.5,C2.5|I0.5,I3.5,I1.5,C4.5|I3.5,I5.5,I3.5,I2.5,I6.5|I5.5,I3.5,C6.5|I7.5,I7.5#I7.5,I3.5,C5.5,I4.5,I8.5|I7.5,C0.5,C1.5,I4.5,I2.5|I4.5,I7.5,I6.5,I2.5,I5.5|I1.5,I8.5,I8.5,I1.5,I1.5|I2.5,I8.5,C3.5,I6.5,I8.5|I6.5,I4.5,C8.5,I2.5,C7.5|_,I6.5,I5.5,I5.5,I4.5"
"","1","54","9","45","9","2/3/4/5/6","6","7","61","66","76","true","61","97","35","56","26","26","5","true","","9#C0.5,C1.5,I2.5,C2.5|I0.5,I0.5|I0.5,I3.5,I4.5|I4.5,I5.5,I6.5,I4.5,I4.5,I2.5|I7.5,I7.5,I0.5,I5.5,I7.5#I2.5,I7.5,C8.5,I3.5,I0.5|I8.5,I7.5,C5.5,C6.5,I3.5|I6.5,I6.5,I2.5,C3.5,C7.5|I1.5,I5.5,I8.5,I8.5,C4.5|I3.5,I2.5,I8.5,I1.5,I1.5|I3.5,I1.5,I6.5,I5.5,I4.5|I5.5,I8.5,I6.5,_,I1.5"
"","1","54","9","45","9","2/3/4/5/6","6","7","61","66","76","true","61","487","425","212","56","53","5","true","","9#I0.5,I0.5,I1.5,I0.5|I0.5,I2.5,C2.5|I3.5,I1.5,I0.5,I4.5,I5.5,I6.5|I3.5,I1.5,I5.5,I6.5,I2.5|I3.5,I3.5#I2.5,I5.5,C6.5,I5.5,I4.5|I2.5,C7.5,I2.5,I8.5,I3.5|I7.5,I5.5,I7.5,C5.5,C3.5|I4.5,I6.5,C4.5,I1.5,I7.5|C0.5,I7.5,I8.5,C1.5,I8.5|I4.5,I4.5,I6.5,I7.5,I8.5|I6.5,I1.5,_,C8.5,I8.5"
"","2","54","9","45","0","2/3/4/5/6","6","7","61","65","75","true","61","210","148","108","57","25","5","true","","9#I0.5,C1.5|I2.5,I0.5,I3.5,C4.5|I2.5,I3.5,C5.5|I4.5,I1.5,I5.5,C0.5,C6.5,I1.5|I7.5,I2.5,I0.5,C7.5,I4.5#I4.5,I5.5,I6.5,I4.5,I4.5|I5.5,C2.5,I6.5,I6.5,I1.5|I1.5,I3.5,I0.5,I5.5,I6.5|I8.5,C8.5,C3.5,I5.5,I8.5|I8.5,I3.5,I6.5,I1.5,I8.5|I7.5,I2.5,I8.5,I0.5,I3.5|I7.5,I7.5,I2.5,_,I7.5"
"","2","54","9","45","9","2/3/4/5/6","6","7","61","65","75","true","61","390","328","168","59","32","5","true","","9#C0.5,I1.5,C1.5|I2.5,C2.5,I1.5,I3.5,C4.5|I2.5,I0.5,I1.5,I5.5,I1.5,C5.5|I5.5,C3.5|I5.5,I0.5,I5.5,I5.5#I2.5,I3.5,I0.5,I4.5,I1.5|I6.5,I7.5,I2.5,I4.5,C8.5|I7.5,C7.5,I4.5,I0.5,I4.5|I7.5,I0.5,I3.5,I2.5,I4.5|I8.5,I3.5,I7.5,C6.5,I6.5|I3.5,I6.5,I6.5,I7.5,I6.5|I8.5,I8.5,_,I8.5,I8.5"
"","2","54","9","45","9","2/3/4/5/6","6","7","61","65","75","true","61","531","469","186","183","14","5","true","","9#C0.5,I1.5,I2.5|I0.5,I3.5,I1.5,I4.5,I3.5|I3.5,I4.5,I5.5,I4.5|I5.5,I6.5,I2.5,I2.5,I2.5,C2.5|I7.5,I2.5#I4.5,I5.5,I1.5,I7.5,I6.5|I6.5,I4.5,C6.5,C5.5,C1.5|I1.5,I6.5,I6.5,C7.5,C4.5|I1.5,C3.5,I3.5,I7.5,I7.5|I7.5,I0.5,I0.5,C8.5,I3.5|I0.5,I5.5,I0.5,I8.5,I5.5|I8.5,I8.5,I8.5,_,I8.5"
"","2","54","9","45","9","2/3/4/5/6","6","7","61","65","75","true","61","308","246","139","57","25","5","true","","9#I0.5,C1.5,I2.5|I3.5,I1.5,I4.5,C0.5|I5.5,I4.5,I6.5,I0.5,C7.5,C2.5|I5.5,I5.5|I8.5,I5.5,I8.5,I8.5,I6.5#C3.5,I0.5,I3.5,I1.5,I7.5|I2.5,I2.5,I3.5,I7.5,I0.5|I3.5,I1.5,I7.5,I1.5,I7.5|I2.5,I4.5,I4.5,I2.5,I0.5|I7.5,C5.5,I3.5,I1.5,C8.5|I6.5,C6.5,I4.5,I6.5,C4.5|I8.5,I8.5,_,I5.5,I6.5"
"","2","54","9","45","9","2/3/4/5/6","6","7","61","65","75","true","61","194","132","97","46","34","5","true","","9#C0.5,I1.5,I1.5,C1.5|I2.5,I3.5,C3.5|I2.5,I4.5|I5.5,I2.5,I3.5,C6.5,I3.5,I1.5|I7.5,I4.5,I0.5,I7.5,I1.5#C5.5,I4.5,I1.5,C4.5,C7.5|I7.5,I7.5,C2.5,I0.5,I4.5|I7.5,I4.5,I5.5,I2.5,I0.5|I3.5,I5.5,I5.5,C8.5,I5.5|I0.5,I2.5,I6.5,I0.5,I8.5|I8.5,I8.5,I3.5,I8.5,I6.5|I6.5,I6.5,I6.5,_,I8.5"
"","2","54","9","45","4","2/3/4/5/6","6","7","61","65","75","true","61","4496","4434","1294","706","1095","5","true","","9#I0.5,I0.5,I0.5,C0.5,C1.5|I0.5,I0.5,I2.5,I3.5|I2.5,I2.5,I1.5|I2.5,I4.5,I3.5,I3.5,I5.5,I1.5|I6.5,I7.5#I2.5,I3.5,C2.5,I1.5,I1.5|I4.5,I1.5,C6.5,I6.5,I6.5|C8.5,I3.5,I5.5,I4.5,I7.5|I8.5,C3.5,C5.5,I5.5,I8.5|I6.5,I8.5,I7.5,I8.5,C7.5|I5.5,I6.5,I8.5,I7.5,I7.5|I5.5,I4.5,C4.5,_,I4.5"
"","2","54","9","45","0","2/3/4/5/6","6","7","61","65","75","true","61","573","511","215","62","129","5","true","","9#I0.5,C1.5|I0.5,I2.5,I2.5,I0.5,I1.5|I3.5,I2.5,I1.5|I4.5,I4.5,I3.5,I3.5|I5.5,I6.5,I3.5,I6.5,I7.5,I7.5#I2.5,C4.5,I4.5,I4.5,I1.5|I0.5,I2.5,I0.5,I4.5,I1.5|I5.5,I1.5,I7.5,I5.5,I7.5|I6.5,I6.5,I5.5,C0.5,C7.5|C6.5,C2.5,C5.5,I6.5,I8.5|C8.5,I8.5,I8.5,I8.5,I8.5|I5.5,C3.5,I7.5,I3.5,_"
"","2","54","9","45","9","2/3/4/5/6","6","7","61","65","75","true","61","256","194","108","66","64","5","true","","9#I0.5,C0.5|I1.5,I1.5,C2.5|I1.5,I3.5,I4.5,I5.5,C4.5|I3.5,I3.5,I5.5,I4.5,I3.5,I3.5|I5.5,I5.5,I2.5,I6.5#C7.5,I0.5,I4.5,C3.5,C6.5|I7.5,I2.5,I5.5,I2.5,I7.5|I6.5,I7.5,C1.5,I8.5,I4.5|I7.5,I2.5,I0.5,I0.5,I6.5|I8.5,I1.5,C5.5,C8.5,I2.5|I7.5,I0.5,I8.5,I8.5,I6.5|I4.5,I1.5,I6.5,_,I8.5"
"","2","54","9","45","9","2/3/4/5/6","6","7","61","65","75","true","61","454","392","202","71","41","5","true","","9#C0.5,I1.5,I2.5,C3.5,I4.5|I1.5,I5.5,C6.5|I4.5,C4.5|I4.5,I6.5,I1.5,I6.5|I5.5,I6.5,I7.5,I4.5,C2.5,I4.5#I6.5,I7.5,C7.5,C1.5,I1.5|I1.5,I2.5,I7.5,I6.5,C5.5|I7.5,I2.5,I5.5,I3.5,I7.5|I3.5,I5.5,C8.5,I5.5,I3.5|I3.5,I0.5,I2.5,I2.5,I3.5|I0.5,I8.5,I8.5,I0.5,I0.5|I0.5,I8.5,I8.5,I8.5,_"
"","2","54","9","45","9","2/3/4/5/6","6","7","61","65","75","true","61","304","242","133","39","37","5","true","","9#I0.5,I1.5,C2.5|I0.5,I3.5,I4.5,I1.5,I5.5,I2.5|I1.5,I3.5,I0.5,I5.5|I3.5,I2.5|I5.5,I6.5,I6.5,I7.5,C7.5#I1.5,I0.5,I3.5,I0.5,I2.5|I2.5,I7.5,I3.5,C3.5,C8.5|I1.5,I5.5,C5.5,I8.5,I6.5|C1.5,I6.5,I7.5,I4.5,I7.5|I8.5,I4.5,I8.5,I4.5,I2.5|I8.5,C4.5,C0.5,I8.5,I4.5|I5.5,_,I7.5,I6.5,C6.5"
"","2","54","9","45","9","2/3/4/5/6","6","7","61","65","75","true","61","268","206","122","62","61","5","true","","9#I0.5,C1.5|I2.5,I2.5,C3.5,C4.5,C0.5,I2.5|I2.5,I2.5,I0.5,C2.5|I3.5,I4.5,I3.5,C5.5,I1.5|I5.5,I3.5,I3.5#I5.5,I4.5,I1.5,I1.5,I0.5|I0.5,I1.5,I6.5,I3.5,I5.5|I6.5,C6.5,I1.5,I5.5,C7.5|I7.5,I4.5,I5.5,I6.5,I4.5|I8.5,I0.5,I7.5,I6.5,I7.5|I8.5,I8.5,C8.5,I4.5,I6.5|I7.5,_,I8.5,I7.5,I8.5"
"","2","54","9","45","0","2/3/4/5/6","6","7","61","65","75","true","61","538","476","219","83","41","5","true","","9#I0.5,I0.5,I1.5,I1.5,C2.5|I0.5,I0.5|I1.5,I1.5,I0.5,I3.5,I3.5,I4.5|I3.5,I4.5,I2.5|I4.5,I3.5,I2.5,I2.5#I5.5,I1.5,I5.5,I6.5,I5.5|I5.5,C0.5,C4.5,I6.5,I7.5|I6.5,I2.5,I2.5,I6.5,C6.5|I3.5,C7.5,I8.5,I4.5,I6.5|C1.5,I4.5,I7.5,C3.5,I7.5|I7.5,I7.5,I5.5,I8.5,C8.5|I8.5,I8.5,_,I8.5,C5.5"
"","2","54","9","45","9","2/3/4/5/6","6","7","61","65","75","true","61","255","193","115","33","29","5","true","","9#I0.5,I0.5,I1.5,I2.5,I3.5,C0.5|I0.5,I4.5,I5.5,I5.5|I1.5,I2.5,I6.5|I2.5,I5.5|I3.5,I7.5,I7.5,C4.5,C5.5#I4.5,C8.5,C6.5,C7.5,I8.5|I5.5,I4.5,I8.5,I4.5,I6.5|I8.5,I0.5,I5.5,C3.5,I8.5|I8.5,I1.5,I2.5,I6.5,I7.5|I7.5,I7.5,I6.5,I4.5,I6.5|C2.5,I1.5,I3.5,I0.5,I3.5|_,I1.5,I2.5,I3.5,C1.5"
"","2","54","9","45","9","2/3/4/5/6","6","7","61","65","75","true","61","5309","5247","1857","420","355","5","true","","9#I0.5,C1.5|I2.5,I0.5,I3.5,I1.5|I4.5,I3.5,I3.5,I0.5,I3.5|I4.5,I4.5,I4.5,I4.5,C4.5,I1.5|I5.5,I5.5,I2.5#I0.5,C0.5,I6.5,I2.5,I5.5|I2.5,I5.5,I3.5,I0.5,I1.5|C7.5,I5.5,I1.5,I6.5,I6.5|I1.5,I7.5,C2.5,I2.5,I8.5|I8.5,C8.5,I6.5,C3.5,C6.5|I8.5,I7.5,I8.5,I7.5,I7.5|I7.5,C5.5,I8.5,_,I6.5"
"","2","54","9","45","9","2/3/4/5/6","6","7","61","65","75","true","61","995","933","381","68","40","5","true","","9#C0.5,I1.5|I2.5,C3.5,I4.5,I4.5,C4.5|I3.5,I3.5,I3.5|I3.5,I5.5,I0.5,I6.5|I5.5,I0.5,I1.5,I4.5,C6.5,I4.5#I1.5,I6.5,C7.5,I4.5,C5.5|I6.5,I0.5,I3.5,I1.5,I2.5|C2.5,I2.5,I0.5,I8.5,I8.5|I1.5,I2.5,I7.5,I5.5,C8.5|C1.5,I7.5,I5.5,I6.5,I6.5|I2.5,I7.5,I8.5,I0.5,I5.5|I7.5,I7.5,I8.5,I8.5,_"
"","2","54","9","45","9","2/3/4/5/6","6","7","61","65","75","true","61","282","220","128","35","33","5","true","","9#I0.5,C0.5,I1.5|I2.5,C3.5|I2.5,I2.5,I2.5,I4.5,I2.5,I3.5|I5.5,I0.5,I3.5,I3.5|I5.5,I5.5,I0.5,I5.5,I4.5#I6.5,I0.5,I7.5,I6.5,I0.5|I8.5,I7.5,I6.5,I8.5,I5.5|I7.5,I3.5,I3.5,I4.5,I4.5|C8.5,I8.5,C6.5,C7.5,C5.5|I8.5,I7.5,I1.5,I1.5,I1.5|I6.5,C2.5,I4.5,I7.5,C1.5|I6.5,C4.5,_,I8.5,I1.5"
"","2","54","9","45","0","2/3/4/5/6","6","7","61","65","75","true","61","185","123","81","69","24","5","true","","9#C0.5,C1.5,C2.5|I1.5,I1.5,I2.5,I0.5|I3.5,C4.5,C5.5,I3.5,I2.5|I6.5,C3.5|I6.5,I3.5,I2.5,I6.5,I1.5,I6.5#C6.5,I2.5,I2.5,I3.5,I6.5|I0.5,I5.5,I1.5,I4.5,I0.5|I7.5,I7.5,I1.5,I7.5,I4.5|I4.5,I4.5,I5.5,I5.5,I7.5|I5.5,I8.5,I0.5,I7.5,C8.5|I4.5,I5.5,I3.5,I0.5,C7.5|I8.5,I8.5,I8.5,I8.5,_"
"","2","54","9","45","9","2/3/4/5/6","6","7","61","65","75","true","61","1196","1134","465","52","114","5","true","","9#C0.5,C1.5|I2.5,I2.5,I0.5,I3.5|I4.5,I4.5,I2.5|I5.5,I4.5,I5.5,I5.5,I1.5,C3.5|I5.5,I5.5,I6.5,I4.5,I3.5#I4.5,I1.5,I6.5,I6.5,I0.5|I2.5,I7.5,I7.5,I3.5,I0.5|C4.5,C7.5,C5.5,I8.5,I2.5|I7.5,I8.5,I6.5,C2.5,I8.5|I0.5,I7.5,I1.5,I0.5,I8.5|I6.5,I3.5,C8.5,I8.5,I7.5|I1.5,I3.5,C6.5,_,I1.5"
"","2","54","9","45","9","2/3/4/5/6","6","7","61","65","75","true","61","210","148","102","30","30","5","true","","9#I0.5,I1.5,C2.5|I1.5,I3.5,I0.5,I4.5,I5.5,C6.5|I3.5,I0.5,I1.5,I7.5|I5.5,I4.5,I5.5,I6.5,I2.5|I7.5,I1.5#I7.5,I0.5,C8.5,I5.5,C3.5|I2.5,C7.5,I6.5,C5.5,I8.5|I6.5,I2.5,I6.5,I2.5,I2.5|I3.5,I8.5,I8.5,I7.5,I4.5|I3.5,I4.5,I0.5,I7.5,I3.5|C0.5,I6.5,I4.5,I1.5,I8.5|C1.5,_,I5.5,I8.5,C4.5"
"","2","54","9","45","9","2/3/4/5/6","6","7","61","65","75","true","61","532","470","214","110","99","5","true","","9#I0.5,C1.5,I2.5,I2.5,C2.5|I0.5,I1.5,I0.5|I1.5,I3.5,I4.5,I3.5,I4.5,I5.5|I4.5,I1.5|I6.5,I6.5,I6.5,I0.5#I3.5,I1.5,I5.5,C6.5,I1.5|C7.5,I2.5,I2.5,I4.5,I0.5|I7.5,I6.5,I8.5,I2.5,I6.5|I7.5,I7.5,C5.5,I7.5,I3.5|C0.5,I3.5,I7.5,C3.5,C4.5|I8.5,I5.5,I5.5,I8.5,C8.5|I8.5,I4.5,_,I5.5,I8.5"
"","3","54","9","45","9","2/3/4/5/6","6","7","61","64","74","true","61","427","365","171","39","32","5","true","","9#I0.5,I0.5,I1.5,C2.5|I1.5,I3.5,I2.5|I3.5,I0.5,I3.5,I4.5,I2.5,I2.5|I3.5,I0.5,I3.5,I5.5,I4.5|I6.5,I6.5#I1.5,I1.5,I2.5,I6.5,C0.5|I0.5,I6.5,C4.5,I7.5,I5.5|I1.5,C3.5,C5.5,I8.5,C8.5|C1.5,I8.5,C7.5,I7.5,I7.5|I4.5,I5.5,I8.5,I7.5,I6.5|I5.5,I4.5,I2.5,I8.5,I8.5|I7.5,C6.5,_,I4.5,I5.5"
"","3","54","9","45","0","2/3/4/5/6","6","7","61","64","74","true","61","1248","1186","429","125","115","5","true","","9#I0.5,C0.5|I1.5,I2.5,C3.5,I0.5|I1.5,I2.5,I4.5,I1.5,I0.5,I0.5|I2.5,I4.5,I4.5,I1.5,I5.5|I2.5,I6.5,I0.5#I3.5,I4.5,I7.5,I3.5,I3.5|I3.5,C6.5,I4.5,I3.5,I6.5|I1.5,I8.5,C4.5,C1.5,I7.5|I7.5,I6.5,I6.5,I7.5,I5.5|I5.5,C2.5,I8.5,I5.5,I7.5|I8.5,C7.5,I5.5,I6.5,C5.5|C8.5,I8.5,_,I8.5,I2.5"
"","3","54","9","45","9","2/3/4/5/6","6","7","61","64","74","true","61","435","373","172","57","26","5","true","","9#C0.5,C1.5,I2.5,I3.5|I0.5,I4.5,I2.5|I1.5,I3.5,I4.5,C5.5,C2.5|I2.5,C6.5|I4.5,I5.5,I2.5,I2.5,I3.5,C3.5#C4.5,I6.5,I5.5,I3.5,I3.5|I0.5,I0.5,I4.5,I6.5,I1.5|I0.5,I6.5,I6.5,I5.5,I0.5|I1.5,C7.5,I6.5,I1.5,I1.5|I8.5,I4.5,C8.5,I5.5,I8.5|I7.5,I8.5,I8.5,I8.5,I5.5|I7.5,I7.5,I7.5,I7.5,_"
"","3","54","9","45","9","2/3/4/5/6","6","7","61","64","74","true","61","1428","1366","524","81","82","5","true","","9#I0.5,C1.5,C2.5,C3.5|I1.5,I0.5,I2.5,I4.5,C5.5,C6.5|I4.5,I1.5|I7.5,I0.5,I3.5,C4.5,I6.5|I8.5,I8.5,I6.5#I4.5,I3.5,I6.5,I5.5,I2.5|I3.5,I4.5,I5.5,I5.5,I5.5|I5.5,C0.5,I3.5,I3.5,I6.5|I1.5,I6.5,I4.5,I1.5,C8.5|C7.5,I2.5,I0.5,I7.5,I2.5|I0.5,I7.5,I7.5,I2.5,I7.5|I1.5,_,I8.5,I8.5,I8.5"
"","3","54","9","45","9","2/3/4/5/6","6","7","61","64","74","true","61","1603","1541","591","128","62","5","true","","9#C0.5,I1.5,C1.5|I2.5,I2.5,C2.5,C3.5|I3.5,I3.5|I4.5,I4.5,C5.5,I3.5,I1.5|I5.5,I5.5,I5.5,I0.5,I5.5,I0.5#C6.5,I1.5,I2.5,I7.5,I0.5|I3.5,I8.5,I2.5,I0.5,I2.5|I6.5,I6.5,C8.5,I4.5,I7.5|I3.5,I4.5,C4.5,I8.5,I4.5|C7.5,I7.5,I7.5,I1.5,I6.5|I8.5,I7.5,I5.5,I8.5,I1.5|I8.5,I0.5,I6.5,I6.5,_"
"","3","54","9","45","9","2/3/4/5/6","6","7","61","64","74","true","61","695","633","275","136","143","5","true","","9#I0.5,C1.5,I2.5,C3.5|I0.5,I2.5|I2.5,I2.5,C2.5|I4.5,I5.5,I1.5,I6.5,I2.5,C0.5|I7.5,I6.5,I3.5,C6.5,C5.5#C4.5,I5.5,I1.5,I6.5,I4.5|I1.5,C7.5,I5.5,I5.5,I5.5|I3.5,I3.5,I3.5,I3.5,I1.5|I1.5,I4.5,I0.5,I0.5,C8.5|I0.5,I7.5,I8.5,I6.5,I7.5|I4.5,I8.5,I8.5,I4.5,I8.5|I6.5,I7.5,I7.5,_,I8.5"
"","3","54","9","45","0","2/3/4/5/6","6","7","61","64","74","true","61","947","885","338","182","151","5","true","","9#I0.5,I0.5,I0.5,I1.5|I0.5,I1.5,C0.5|I0.5,I1.5,I1.5,I2.5,I2.5|I2.5,I3.5,I4.5,I4.5,I4.5,C4.5|I4.5,I4.5#C1.5,I2.5,I2.5,I1.5,C5.5|I3.5,I6.5,I7.5,I6.5,I3.5|I5.5,I8.5,I5.5,I5.5,I8.5|I5.5,I8.5,C6.5,I5.5,I3.5|I6.5,C3.5,I7.5,C2.5,I3.5|I7.5,I7.5,C8.5,I6.5,I6.5|I8.5,I8.5,I7.5,_,C7.5"
"","3","54","9","45","9","2/3/4/5/6","6","7","61","64","74","true","61","2569","2507","613","610","798","5","true","","9#C0.5,I1.5,I1.5,C1.5,I2.5|I2.5,I3.5,C3.5|I2.5,I4.5,I5.5,I4.5|I3.5,I3.5|I6.5,C7.5,I1.5,I2.5,C6.5,C4.5#I2.5,I6.5,I3.5,I4.5,C2.5|I5.5,I5.5,I4.5,I8.5,I5.5|I3.5,I5.5,I4.5,C8.5,C5.5|I0.5,I7.5,I0.5,I1.5,I7.5|I8.5,I8.5,I8.5,I0.5,I8.5|I0.5,I1.5,I6.5,I6.5,I7.5|I7.5,I0.5,I7.5,I6.5,_"
"","3","54","9","45","9","2/3/4/5/6","6","7","61","64","74","true","61","464","402","196","49","41","5","true","","9#I0.5,C0.5|I1.5,C2.5,I0.5|I1.5,I1.5,I1.5,I2.5,I0.5|I1.5,I3.5,I4.5,I5.5,I4.5,C3.5|I6.5,I3.5,I0.5,I0.5#I7.5,I3.5,I3.5,I2.5,I4.5|I7.5,I6.5,I3.5,I2.5,I7.5|C4.5,I8.5,I5.5,C7.5,I2.5|I5.5,I5.5,C1.5,I7.5,I4.5|I4.5,I8.5,C5.5,C8.5,I8.5|I6.5,I8.5,I6.5,I7.5,I5.5|C6.5,I2.5,I6.5,_,I8.5"
"","3","54","9","45","9","2/3/4/5/6","6","7","61","64","74","true","61","1083","1021","437","118","129","5","true","","9#I0.5,C1.5,I2.5|I3.5,C2.5|I4.5,I1.5,I5.5,I3.5,C3.5|I4.5,I4.5,I1.5,I5.5,I1.5,I4.5|I6.5,I6.5,I3.5,C6.5#I7.5,I2.5,I1.5,I5.5,I0.5|I2.5,I1.5,I8.5,I8.5,I5.5|I3.5,C4.5,I7.5,I2.5,I4.5|I0.5,I5.5,I6.5,I7.5,I0.5|C8.5,C0.5,I0.5,I8.5,I6.5|I7.5,I8.5,C5.5,I3.5,I2.5|I8.5,C7.5,I6.5,_,I7.5"
"","3","54","10","44","4","2/3/4/5/6","6","7","61","64","74","true","61","372","310","122","119","108","5","true","","10#C0.5,I1.4,I2.4,I3.4,C3.4,C4.4|I2.4,I4.4,C5.5|I3.4,I6.4,I0.5,I7.5|I8.5,I1.4,I1.4,I1.4,I7.5|I8.5,I5.5#I2.4,I9.4,I4.4,I5.5,I4.4|I5.5,I9.4,C6.4,C9.4,I4.4|I8.5,I5.5,I9.4,I5.5,I9.4|C7.5,C8.5,C2.4,C1.4,I2.4|I0.5,I0.5,I6.4,I8.5,I3.4|I7.5,I6.4,I3.4,I0.5,I6.4|_,I8.5,I7.5,I7.5,I0.5"
"","3","54","10","44","10","2/3/4/5/6","6","7","61","64","74","true","61","420","358","171","43","27","5","true","","10#I0.4,I0.4|I1.4,I2.4,I3.4,C2.4,I0.4,C0.4|I4.5,C5.4,I0.4|I6.5,I4.5,I5.4,C7.5|I6.5,I8.4,C8.4,C6.5,I2.4#C4.5,C1.4,I4.5,I4.5,I9.5|I3.4,I3.4,I2.4,I8.4,I7.5|I7.5,I9.5,I5.4,I6.5,I5.4|I7.5,I9.5,I5.4,C3.4,I4.5|I7.5,C9.5,I1.4,I1.4,I7.5|I9.5,I9.5,I2.4,I1.4,I3.4|I8.4,_,I8.4,I6.5,I6.5"
"","3","54","10","44","0","2/3/4/5/6","6","7","61","64","74","true","61","430","368","173","36","39","5","true","","10#I0.4,I0.4,I1.5,I2.5|I0.4,I3.4,I1.5,C0.4,I4.5|I1.5,I3.4,I1.5,C3.4,I1.5,C2.5|I3.4,I5.4,C4.5|I6.4,I7.4#I2.5,I4.5,I8.4,I4.5,I2.5|I2.5,I5.4,I8.4,I7.4,I4.5|I4.5,I2.5,I9.5,C1.5,C9.5|I0.4,I7.4,C5.4,I7.4,I5.4|I3.4,I9.5,C6.4,I9.5,I6.4|I6.4,I8.4,I9.5,I8.4,C8.4|I5.4,C7.4,_,I9.5,I6.4"
"","3","54","10","44","10","2/3/4/5/6","6","7","61","64","74","true","61","810","748","322","151","93","5","true","","10#I0.4,I1.4,I0.4,I1.4|I2.5,C3.5,C1.4|I2.5,I2.5|I3.5,C4.5,C5.4,I2.5,I1.4|I3.5,I3.5,I0.4,I2.5,C0.4,C2.5#I4.5,I1.4,C6.4,I0.4,I5.4|I6.4,I5.4,I3.5,I6.4,I4.5|I6.4,I4.5,I3.5,C7.5,I5.4|I8.4,I4.5,C8.4,I6.4,I4.5|C9.4,I5.4,I7.5,I9.4,I7.5|I9.4,I8.4,I8.4,I8.4,I7.5|I9.4,I9.4,I7.5,I7.5,_"
"","3","54","10","44","10","2/3/4/5/6","6","7","61","64","74","true","61","849","787","306","52","30","5","true","","10#C0.4,I1.5|I2.4,I2.4,C1.5|I3.4,I4.5,I3.4,I5.4,I6.4,I7.4|I8.5,I1.5,I9.5,C2.4|I8.5,I8.5,I2.4,I9.5,C9.5#C7.4,I1.5,I5.4,I8.5,I2.4|I5.4,C8.5,I7.4,C5.4,I1.5|I5.4,I6.4,C6.4,I7.4,I8.5|I3.4,I9.5,I9.5,I4.5,I9.5|I6.4,C3.4,C4.5,I4.5,I1.5|I6.4,I7.4,I4.5,I0.4,I4.5|I3.4,I0.4,_,I0.4,I0.4"
"","3","54","10","44","10","2/3/4/5/6","6","7","61","64","74","true","61","443","381","178","103","111","5","true","","10#C0.4,C1.4|C2.5,I3.5,I0.4,I4.4,I5.4,C5.4|I1.4,I1.4,I5.4|I2.5,I3.5,I6.4,I7.4|I3.5,I3.5,I2.5,I1.4,I5.4#I5.4,I1.4,C7.4,C3.5,I2.5|C8.5,C9.5,I0.4,I0.4,I7.4|I0.4,I9.5,I9.5,I8.5,I9.5|I6.4,I8.5,I8.5,C6.4,I9.5|I8.5,C4.4,I8.5,I7.4,I6.4|I4.4,I4.4,I9.5,I2.5,I3.5|I7.4,_,I6.4,I2.5,I4.4"
"","3","54","10","44","10","2/3/4/5/6","6","7","61","64","74","true","61","372","310","159","58","34","5","true","","10#I0.5,I1.4,C2.4,C3.4|I0.5,I3.4|I4.5,I0.5,C5.5|I4.5,I6.5,I6.5,I6.5,I2.4,C7.4|I6.5,I4.5,I0.5,I6.5,C8.4#I3.4,I2.4,I0.5,I5.5,I9.4|C4.5,I8.4,I1.4,I5.5,C1.4|I8.4,I3.4,I1.4,I7.4,I3.4|I5.5,I7.4,C0.5,I8.4,I7.4|I5.5,I5.5,I4.5,I1.4,C9.4|I2.4,I2.4,I9.4,I8.4,I9.4|I9.4,I7.4,I4.5,_,C6.5"
"","3","54","10","44","0","2/3/4/5/6","6","7","61","64","74","true","61","616","554","220","217","210","5","true","","10#C0.4,C1.4,C2.4|C3.5,I4.5,I5.4,I6.4,I0.4,C7.5|I0.4,I0.4,I6.4,I1.4,I5.4|I1.4,I1.4|I6.4,I2.4,I5.4,I0.4#C6.4,C5.4,I1.4,I2.4,I2.4|I7.5,I2.4,I7.5,I7.5,I5.4|C4.5,C8.5,I6.4,I4.5,I4.5|I8.5,C9.4,I4.5,I7.5,I9.4|I9.4,I4.5,I8.5,I7.5,I8.5|I9.4,I8.5,I3.5,I9.4,I8.5|I3.5,_,I3.5,I3.5,I3.5"
"","3","54","10","44","10","2/3/4/5/6","6","7","61","64","74","true","61","1104","1042","338","179","395","5","true","","10#I0.4,C1.5|I2.4,I2.4,I2.4,C2.4|I2.4,I3.5,I3.5|I3.5,I4.4,I5.4,I0.4,I1.5,C6.4|I4.4,I5.4,I7.5,I5.4,I6.4#I4.4,I3.5,I7.5,I8.5,I8.5|C4.4,I5.4,C3.5,I1.5,I1.5|I8.5,I4.4,I9.4,I6.4,I6.4|I7.5,I3.5,I1.5,C9.4,I8.5|I0.4,I1.5,I7.5,I9.4,C0.4|I9.4,I7.5,C5.4,C8.5,I8.5|I9.4,I0.4,C7.5,_,I6.4"
"","3","54","10","44","10","2/3/4/5/6","6","7","61","64","74","true","61","464","402","193","187","97","5","true","","10#C0.5,C1.4|I1.4,I2.5,I1.4|I3.4,C4.5,I0.5,C3.4,I1.4|I3.4,I0.5,I2.5,C5.4|I4.5,I3.4,I4.5,I0.5,I2.5,C2.5#I5.4,I5.4,I5.4,I1.4,I0.5|I4.5,I5.4,C6.4,I7.4,I0.5|C8.4,C9.5,I4.5,I3.4,I9.5|I4.5,I6.4,I2.5,I6.4,C7.4|I7.4,I6.4,I9.5,I7.4,I2.5|I8.4,I8.4,I9.5,I6.4,I8.4|I9.5,I7.4,I8.4,I9.5,_"
"","4","54","10","44","10","2/3/4/5/6","6","7","61","63","73","true","61","868","806","315","41","47","5","true","","10#I0.4,C1.4|I2.4,I3.4,I0.4,I1.4|I3.4,I4.4,I5.5,I6.5,C5.5|I4.4,I5.5,C0.4|I7.5,I4.4,I5.5,I3.4,I4.4,I1.4#I2.4,I3.4,I7.5,I5.5,C4.4|I0.4,C8.5,I6.5,I8.5,I5.5|I8.5,I2.4,C7.5,I7.5,I9.4|C9.4,I1.4,I1.4,I7.5,C2.4|I9.4,I7.5,C6.5,I9.4,I0.4|I9.4,C3.4,I8.5,I8.5,I2.4|I8.5,I6.5,I6.5,I6.5,_"
"","4","54","10","44","10","2/3/4/5/6","6","7","61","63","73","true","61","1024","962","307","186","237","5","true","","10#I0.4,I1.4,I2.4,C2.4|I0.4,I2.4,I1.4,I3.5,C0.4,C4.4|I3.5,C3.5|I3.5,I4.4,C1.4|I5.4,I0.4,I6.5,C5.4,I2.4#I4.4,I1.4,I2.4,I3.5,C6.5|I4.4,I1.4,I3.5,I0.4,I4.4|C7.4,I8.5,I7.4,C8.5,I8.5|I6.5,I7.4,I8.5,I6.5,I7.4|I7.4,I5.4,C9.5,I8.5,I9.5|I6.5,I9.5,I5.4,I8.5,I6.5|I5.4,_,I9.5,I9.5,I9.5"
"","4","54","10","44","0","2/3/4/5/6","6","7","61","63","73","true","61","839","777","285","176","291","5","true","","10#C0.4,I1.5,C1.5|I2.4,I3.5,I2.4,I2.4,I4.4,I5.5|I5.5,I2.4,I5.5,I1.5|I6.5,I1.5|I6.5,I6.5,I6.5,I5.5,I3.5#I1.5,C5.5,C7.4,I1.5,C6.5|I8.4,I0.4,I3.5,I6.5,C2.4|I8.4,I7.4,I7.4,I5.5,I7.4|C8.4,I8.4,I0.4,C9.4,I4.4|I0.4,C4.4,I4.4,I3.5,I4.4|C3.5,I7.4,I9.4,I9.4,I8.4|I3.5,_,I9.4,I0.4,I9.4"
"","4","54","10","44","10","2/3/4/5/6","6","7","61","63","73","true","61","1496","1434","340","337","794","5","true","","10#C0.4,C1.4|C2.5,I1.4,C3.4,C4.4|I0.4,I2.5,I3.4,I5.4,I4.4,I1.4|I1.4,I0.4,I3.4,I3.4,C5.4|I4.4,I1.4,I5.4#I2.5,I4.4,I2.5,I3.4,C6.5|I5.4,C7.4,I6.5,I2.5,I5.4|I4.4,C8.5,I7.4,I2.5,I7.4|I7.4,I8.5,I6.5,C9.5,I6.5|I6.5,I7.4,I8.5,I6.5,I0.4|I8.5,I9.5,I9.5,I9.5,I8.5|I8.5,I0.4,_,I9.5,I9.5"
"","4","54","10","44","10","2/3/4/5/6","6","7","61","63","73","true","61","778","716","313","82","36","5","true","","10#I0.4,C0.4|I1.4,I2.5,I0.4,I0.4|I1.4,I2.5,I3.4,C4.5,I0.4|I2.5,I4.5,C5.4,I6.5,I4.5,I4.5|I3.4,I7.5,I6.5#C6.5,C8.4,I5.4,I4.5,I4.5|C3.4,I2.5,C7.5,C2.5,I7.5|I8.4,I1.4,I6.5,I9.4,I7.5|I5.4,I5.4,I8.4,C9.4,I7.5|C1.4,I6.5,I2.5,I7.5,I9.4|I6.5,I8.4,I3.4,I9.4,I3.4|I5.4,I1.4,I9.4,_,I8.4"
"","4","54","10","44","10","2/3/4/5/6","6","7","61","63","73","true","61","732","670","298","82","114","5","true","","10#I0.4,I0.4,I1.5,I2.5,I3.4|I0.4,I4.4,I5.5,I1.5,I5.5,I3.4|I2.5,C5.5|I2.5,C6.4,C2.5|I4.4,I1.5,I7.4,C3.4#I6.4,I6.4,I7.4,I3.4,C7.4|I8.5,I9.4,I0.4,I6.4,I5.5|I3.4,I4.4,C0.4,I6.4,I8.5|I8.5,I7.4,C8.5,I5.5,I5.5|I1.5,I7.4,C4.4,C1.5,I2.5|I9.4,I8.5,I1.5,C9.4,I4.4|I9.4,_,I2.5,I9.4,I8.5"
"","4","54","10","44","10","2/3/4/5/6","6","7","61","63","73","true","61","727","665","212","209","285","5","true","","10#I0.4,I0.4,I1.4,C2.5,I3.5|I4.4,I3.5,C3.5|I5.4,I5.4|I6.4,I5.4,I4.4,I7.4,I4.4,I8.5|I8.5,I6.4,I6.4,I8.5#I7.4,I3.5,C6.4,C5.4,C4.4|I3.5,I3.5,I6.4,I4.4,I8.5|I5.4,C7.4,I7.4,I8.5,C8.5|I0.4,C9.5,C0.4,I0.4,C1.4|I2.5,I2.5,I2.5,I7.4,I9.5|I9.5,I1.4,I2.5,I9.5,I9.5|I1.4,I1.4,I2.5,_,I9.5"
"","4","54","10","44","0","2/3/4/5/6","6","7","61","63","73","true","61","707","645","286","83","57","5","true","","10#C0.4,I1.5|I2.4,I3.4,I1.5,C1.5|I4.5,I4.5,I5.4,I2.4,I1.5|I4.5,I6.5,I1.5|I6.5,I7.5,I6.5,I6.5,I6.5,I8.4#C3.4,I1.5,I2.4,I7.5,C6.5|I0.4,C8.4,I0.4,I4.5,I0.4|I9.4,I0.4,I3.4,C5.4,I8.4|C9.4,I9.4,I3.4,I9.4,I9.4|I5.4,I2.4,C7.5,C2.4,I7.5|I5.4,I3.4,C4.5,I5.4,I7.5|I4.5,I8.4,I7.5,I8.4,_"
"","4","54","10","44","10","2/3/4/5/6","6","7","61","63","73","true","61","2284","2222","824","187","127","5","true","","10#I0.4,C1.5,C2.4|I0.4,I3.4,I3.4,C4.4,I1.5|I3.4,I5.5|I4.4,I6.4,I4.4,I7.5,I6.4,I1.5|I6.4,I7.5,I4.4,I2.4#I4.4,C8.5,C3.4,I7.5,I5.5|I0.4,I2.4,I9.4,C6.4,I7.5|I3.4,I2.4,C5.5,I7.5,I1.5|C9.4,I9.4,I8.5,I2.4,I6.4|I5.5,I8.5,I1.5,I9.4,I0.4|C0.4,I8.5,I8.5,I5.5,I8.5|C7.5,I9.4,I5.5,_,I1.5"
"","4","54","10","44","10","2/3/4/5/6","6","7","61","63","73","true","61","874","812","301","202","266","5","true","","10#C0.5,C1.4,I2.4,I3.4,I4.4|I3.4,I5.5,C5.5|I3.4,I6.5,C7.4,I6.5|I5.5,I2.4,I2.4,I3.4,I4.4,I5.5|I7.4,I1.4#C3.4,C4.4,I4.4,I4.4,I5.5|C2.4,I2.4,I5.5,C6.5,C8.4|I9.5,I6.5,I1.4,I6.5,I1.4|I8.4,I0.5,I1.4,I6.5,I9.5|I7.4,C9.5,I0.5,I8.4,I7.4|I9.5,I8.4,I7.4,I0.5,I0.5|I8.4,I9.5,I9.5,_,I0.5"
"","4","54","10","44","10","2/3/4/5/6","6","7","61","63","73","true","61","1131","1069","393","198","271","5","true","","10#C0.4,I1.5,I2.4,I3.4,I1.5,I4.5|I0.4,C1.5|I1.5,I5.4,I5.4|I4.5,I2.4,I1.5,I5.4|I6.5,C7.4,I1.5,I2.4,C5.4#C8.4,I3.4,I4.5,I2.4,I8.4|C3.4,C2.4,C4.5,I3.4,I5.4|I0.4,I6.5,C6.5,I8.4,I3.4|I0.4,I6.5,I7.4,I4.5,I6.5|I9.5,I6.5,C9.5,I4.5,I9.5|I9.5,I7.4,I9.5,I7.4,I7.4|_,I8.4,I8.4,I9.5,I0.4"
"","4","54","10","44","10","2/3/4/5/6","6","7","61","63","73","true","61","755","693","292","51","50","5","true","","10#I0.4,I0.4,I1.5,I2.4|I3.4,I0.4,C3.4,I1.5,I4.4,C4.4|I3.4,I5.4,C2.4|I3.4,I5.4|I6.5,I1.5,I7.5,C8.5,I4.4#I4.4,C1.5,I5.4,I2.4,I2.4|C7.5,I2.4,C5.4,I0.4,I7.5|I5.4,I8.5,I7.5,I1.5,I7.5|I3.4,I9.4,I8.5,I6.5,I9.4|I4.4,I9.4,C9.4,C6.5,I8.5|I6.5,I7.5,I6.5,I1.5,I9.4|I6.5,_,I8.5,I8.5,C0.4"
"","4","54","10","44","0","2/3/4/5/6","6","7","61","63","73","true","61","1110","1048","376","141","101","5","true","","10#I0.4,C1.4|I0.4,I2.5,I3.4,I3.4,C3.4|I3.4,I4.4,I1.4,C5.5|I6.4,C7.5,I5.5|I8.5,I2.5,I0.4,I6.4,C2.5,I5.5#I5.5,I5.5,I7.5,I5.5,I3.4|I2.5,I7.5,C4.4,C0.4,C6.4|I7.5,I0.4,I2.5,I7.5,I2.5|I8.5,I4.4,I7.5,C8.5,I4.4|I6.4,I1.4,I4.4,I8.5,I1.4|I6.4,I1.4,C9.4,I8.5,I9.4|I8.5,I9.4,I9.4,I9.4,_"
"","4","54","10","44","10","2/3/4/5/6","6","7","61","63","73","true","61","908","846","293","168","273","5","true","","10#I0.4,C1.4|I2.5,I1.4,I3.4,I3.4|I4.5,I2.5,I2.5,I2.5,I5.4,I4.5|I4.5,I5.4,I5.4|I6.5,I7.4,I6.5,I8.5,C3.4#I7.4,I1.4,C2.5,I8.5,I7.4|C8.5,I3.4,I7.4,I1.4,C7.4|I8.5,I5.4,I9.4,I6.5,I1.4|I6.5,I4.5,C9.4,C6.5,C0.4|I0.4,I8.5,I0.4,C5.4,I2.5|I9.4,I6.5,I0.4,I3.4,I4.5|C4.5,I9.4,_,I8.5,I9.4"
"","4","54","10","44","10","2/3/4/5/6","6","7","61","63","73","true","61","1207","1145","452","201","284","5","true","","10#C0.4,C1.5|C2.5,C3.5,I4.4,I5.5|I2.5,I5.5,I4.4,I1.5,C6.4,C4.4|I5.5,I4.4,I5.5|I6.4,I0.4,I5.5,I1.5,C5.5#I6.4,I4.4,I1.5,I0.4,I1.5|I1.5,I0.4,C7.4,I6.4,I0.4|I6.4,I3.5,C8.4,C9.4,I8.4|I7.4,I3.5,I9.4,I3.5,I2.5|I8.4,I9.4,I9.4,I7.4,I3.5|I3.5,I9.4,I7.4,I7.4,I2.5|I8.4,I8.4,_,I2.5,I2.5"
"","4","54","10","44","10","2/3/4/5/6","6","7","61","63","73","true","61","767","705","312","74","39","5","true","","10#I0.4,I0.4|I1.5,I1.5,I2.5,I3.4,I4.5|I2.5,I1.5,I2.5,I5.4|I4.5,I6.4,C6.4|I7.5,I1.5,I0.4,I4.5,C2.5,C7.5#I1.5,I4.5,I8.4,I5.4,I8.4|I2.5,C3.4,I6.4,C9.4,I5.4|I6.4,I9.4,C5.4,I6.4,I8.4|C4.5,I8.4,I5.4,I9.4,C8.4|I3.4,I4.5,I7.5,I9.4,I9.4|I7.5,I3.4,I7.5,I0.4,C0.4|I7.5,I2.5,I3.4,C1.5,_"
"","4","54","10","44","10","2/3/4/5/6","6","7","61","63","73","true","61","1032","970","343","212","299","5","true","","10#I0.4,C1.4,I2.4|I1.4,C3.4,I4.5,C4.5,C5.4,I6.5|I1.4,I6.5,I2.4,C2.4|I4.5,I4.5,I6.5,C0.4,I7.5|I6.5,I2.4#I2.4,I7.5,I5.4,C6.5,C7.5|I7.5,C8.4,I1.4,I5.4,C9.5|I5.4,I0.4,I6.5,I1.4,I0.4|I9.5,I8.4,I8.4,I8.4,I7.5|I9.5,I8.4,I5.4,I0.4,I7.5|I3.4,I4.5,I4.5,I9.5,I3.4|I9.5,_,I3.4,I3.4,I9.5"
"","4","54","10","44","10","2/3/4/5/6","6","7","61","63","73","true","61","816","754","288","189","142","5","true","","10#I0.4,C0.4,I1.5|I2.4,I2.4|I3.5,I3.5,I3.5,I4.4|I3.5,I5.4,I0.4,I6.4,I5.4,C4.4|I7.5,I8.4,I7.5,I8.4,I4.4#I9.5,C7.5,I3.5,I8.4,I6.4|I4.4,I4.4,I6.4,I1.5,C5.4|I1.5,I5.4,C3.5,I9.5,I9.5|I2.4,C1.5,C9.5,C2.4,I2.4|C8.4,I9.5,I1.5,I9.5,I7.5|I7.5,C6.4,I0.4,I1.5,I7.5|I0.4,I8.4,I5.4,_,I6.4"
"","4","54","10","44","0","2/3/4/5/6","6","7","61","63","73","true","61","741","679","258","167","123","5","true","","10#I0.4,C1.5,I2.4,I2.4|I0.4,I2.4,C2.4|I2.4,I3.5|I3.5,I4.4,I3.5,I5.5,C4.4,C5.5|I6.5,C7.4,I6.5,I8.4,C0.4#I4.4,I4.4,C3.5,I0.4,I4.4|I5.5,I9.4,I1.5,I6.5,I5.5|I5.5,I6.5,I9.4,I3.5,I1.5|I8.4,I1.5,C8.4,I0.4,I3.5|I5.5,I1.5,I1.5,C9.4,C6.5|I9.4,I6.5,I7.4,I8.4,I8.4|I7.4,I9.4,I7.4,_,I7.4"
"","4","54","10","44","10","2/3/4/5/6","6","7","61","63","73","true","61","1268","1206","406","392","304","5","true","","10#I0.4,C0.4|I1.4,I2.4,C3.5,C4.5|I1.4,I3.5,I4.5,I2.4,I2.4|I3.5,C5.4,C6.4|I4.5,I1.4,I6.4,I4.5,C2.4,I3.5#I3.5,C1.4,I2.4,I3.5,C7.5|I0.4,I0.4,I6.4,I0.4,I6.4|C8.5,I6.4,I5.4,I1.4,C9.4|I5.4,I4.5,I7.5,I5.4,I4.5|I7.5,I5.4,I7.5,I9.4,I8.5|I8.5,I9.4,I8.5,I8.5,I8.5|I9.4,I7.5,I7.5,I9.4,_"
"","5","54","10","44","10","2/3/4/5/6","6","7","61","62","72","true","61","1212","1150","480","257","66","5","true","","10#I0.4,I1.4,I2.4|I3.4,I4.5,I5.5,I4.5,C6.4|I5.5,I3.4,I7.5,C8.5|I6.4,I8.5|I7.5,C5.5,I8.5,I6.4,I7.5,I8.5#C2.4,I5.5,I8.5,I2.4,I2.4|I6.4,C1.4,I6.4,I7.5,I4.5|C4.5,C3.4,I8.5,I2.4,C7.5|I3.4,I4.5,I1.4,I5.5,I7.5|I5.5,C0.4,I3.4,I1.4,I4.5|I0.4,I0.4,C9.4,I1.4,I9.4|I0.4,I9.4,I9.4,I9.4,_"
"","5","54","10","44","10","2/3/4/5/6","6","7","61","62","72","true","61","1671","1609","593","164","236","5","true","","10#I0.4,C1.4|I2.4,I2.4,C2.4,I0.4|I2.4,I3.4,I2.4,I4.5,I5.5,I6.5|I6.5,I6.5,I7.4|I7.4,I8.5,I7.4,I9.4,C0.4#I0.4,I3.4,C4.5,I1.4,I1.4|I9.4,I1.4,C7.4,C9.4,I1.4|I5.5,I6.5,I6.5,I9.4,C8.5|I3.4,C3.4,I4.5,I9.4,C5.5|I0.4,I7.4,I8.5,I4.5,I4.5|I8.5,C6.5,I5.5,I5.5,I8.5|I3.4,I4.5,_,I5.5,I8.5"
"","5","54","10","44","10","2/3/4/5/6","6","7","61","62","72","true","61","1476","1414","521","71","96","5","true","","10#I0.4,I1.5|I1.5,I1.5,I2.4,I0.4,I3.4,C3.4|I4.5,I1.5,I5.4|I4.5,I6.4,I1.5,I3.4|I7.5,I7.5,I7.5,I6.4,I6.4#I3.4,I2.4,I4.5,I5.4,I6.4|I3.4,C8.5,I8.5,I8.5,I4.5|C5.4,I8.5,I2.4,C0.4,I4.5|I9.4,I8.5,C4.5,I9.4,I7.5|I8.5,C9.4,C6.4,I2.4,I7.5|I9.4,I5.4,C1.5,C2.4,C7.5|I0.4,_,I5.4,I9.4,I0.4"
"","5","54","10","44","0","2/3/4/5/6","6","7","61","62","72","true","61","1272","1210","470","117","95","5","true","","10#I0.4,C1.4|I1.4,I1.4,C2.5|I3.4,I1.4,I4.4,I5.5,I2.5,I2.5|I6.4,I7.5,I6.4,I0.4|I7.5,I8.4,I7.5,C7.5,C0.4#I2.5,I2.5,I2.5,I0.4,I1.4|I3.4,I3.4,I5.5,I8.4,C5.5|I4.4,I9.5,I5.5,C8.4,C4.4|C9.5,C3.4,I5.5,I4.4,I5.5|I3.4,I9.5,I9.5,I0.4,I9.5|I4.4,I8.4,I9.5,I8.4,C6.4|I7.5,I6.4,_,I7.5,I6.4"
"","5","54","10","44","10","2/3/4/5/6","6","7","61","62","72","true","61","2340","2278","768","161","199","5","true","","10#I0.4,I0.4,I1.4,C2.4,I3.4|I2.4,I4.4,I5.5|I5.5,C3.4|I6.5,I1.4,I2.4,C7.5|I8.5,I1.4,I8.5,I7.5,I5.5,C5.5#I5.5,C8.5,I0.4,C0.4,C6.5|I6.5,I6.5,I7.5,I2.4,I2.4|C1.4,I7.5,I5.5,I7.5,I3.4|I3.4,I0.4,I3.4,I7.5,C4.4|I4.4,C9.4,I9.4,I4.4,I6.5|I1.4,I4.4,I6.5,I8.5,I9.4|I9.4,I9.4,I8.5,I8.5,_"
"","5","54","10","44","10","2/3/4/5/6","6","7","61","62","72","true","61","1250","1188","445","163","338","5","true","","10#I0.4,I1.4|I2.4,I3.5,C1.4|I3.5,I4.5,I3.5,I4.5,C3.5|I5.5,I3.5,I4.5,I3.5|I5.5,I4.5,I2.4,I2.4,I5.5,C0.4#I1.4,I5.5,I6.4,I2.4,I6.4|I1.4,C4.5,C7.4,C5.5,C2.4|I4.5,I6.4,I1.4,C8.5,I8.5|I5.5,I8.5,C6.4,I7.4,I9.4|I6.4,I8.5,I7.4,I9.4,I0.4|I8.5,C9.4,I8.5,I9.4,I7.4|I0.4,I7.4,I9.4,I0.4,_"
"","5","54","10","44","10","2/3/4/5/6","6","7","61","62","72","true","61","1698","1636","612","605","411","5","true","","10#I0.4,C1.4,C2.5|I1.4,I2.5,I0.4,I2.5,I3.5,I2.5|I3.5,I3.5,I4.4,I5.4|I4.4,C0.4|I6.5,I1.4,I6.5,I3.5,C6.5#I2.5,C3.5,C5.4,I5.4,I5.4|I6.5,I5.4,I3.5,I2.5,C4.4|I0.4,I6.5,I0.4,I1.4,I6.5|C7.5,I7.5,I8.4,I4.4,I9.4|I7.5,I9.4,I9.4,I8.4,I1.4|I9.4,I8.4,I4.4,I8.4,C8.4|I7.5,_,I7.5,I7.5,C9.4"
"","5","54","10","44","10","2/3/4/5/6","6","7","61","62","72","true","61","1476","1414","544","117","94","5","true","","10#C0.5,I1.4,I2.5,I3.5,I1.4|I3.5,I4.4,I5.5,I2.5,I6.4,I6.4|I5.5,I6.4,C6.4|I7.4,I0.5|I7.4,I7.4,I5.5,I3.5#I8.4,I8.4,I8.4,C7.4,I4.4|C8.4,I6.4,C3.5,I3.5,I5.5|I1.4,C1.4,I4.4,I4.4,C5.5|I1.4,C4.4,C2.5,I3.5,I8.4|I0.5,I9.4,I7.4,I5.5,C9.4|I9.4,I2.5,I0.5,I9.4,I0.5|I2.5,_,I0.5,I2.5,I9.4"
"","5","54","10","44","0","2/3/4/5/6","6","7","61","62","72","true","61","1256","1194","442","64","29","5","true","","10#I0.4,C1.4|I0.4,C2.5,I3.4|I0.4,I4.5,I4.5,I4.5|I4.5,I2.5,C0.4,I5.4,I6.4,I7.5|I7.5,I7.5,I3.4,I8.4,C8.4#I1.4,I3.4,I2.5,I6.4,I1.4|I9.5,I8.4,I0.4,I3.4,I1.4|I4.5,I1.4,C9.5,C3.4,I7.5|I9.5,I8.4,C6.4,I8.4,C7.5|C4.5,I2.5,I5.4,C5.4,I9.5|I2.5,I5.4,I2.5,I5.4,I9.5|I9.5,I6.4,I7.5,_,I6.4"
"","5","54","10","44","10","2/3/4/5/6","6","7","61","62","72","true","61","2710","2648","971","108","104","5","true","","10#C0.5,I1.4,I2.4,I3.5|I0.5,I4.4,I2.4,I4.4,I5.4|I1.4,C6.4,I3.5|I5.4,I5.4|I6.4,C2.4,I7.5,I7.5,I7.5,C3.5#C4.4,I0.5,I3.5,I6.4,C8.4|I6.4,I3.5,I9.5,I6.4,C7.5|I9.5,I3.5,I9.5,C9.5,I7.5|I8.4,I0.5,C1.4,I7.5,I9.5|I8.4,I0.5,I2.4,I0.5,I1.4|I8.4,I8.4,I1.4,I5.4,I2.4|C5.4,I9.5,I4.4,I4.4,_"
"","5","54","10","44","10","2/3/4/5/6","6","7","61","62","72","true","61","1255","1193","453","80","39","5","true","","10#C0.4,I1.4,C2.4,C3.5,C1.4|I4.5,I0.4,I5.4,I6.4|I4.5,I5.4,I1.4,I7.4,I2.4,C6.4|I4.5,I6.4,I1.4|I4.5,I8.5#I9.5,I3.5,I3.5,I4.5,C7.4|I3.5,I1.4,I9.5,I8.5,I5.4|I7.4,I2.4,I7.4,I3.5,I2.4|I9.5,I7.4,I6.4,I6.4,C9.5|C5.4,C4.5,I9.5,I2.4,I3.5|I8.5,I9.5,C8.5,I8.5,I5.4|I0.4,I0.4,_,I8.5,I0.4"
"","5","54","10","44","10","2/3/4/5/6","6","7","61","62","72","true","61","1343","1281","472","63","40","5","true","","10#I0.4,I0.4|I1.5,C2.5,C3.5,I4.4,C4.4,I0.4|I1.5,I1.5,I5.4,I6.4|I2.5,I2.5,I7.4,C7.4,C0.4|I2.5,I8.5,I0.4#I1.5,C1.5,I6.4,I2.5,I5.4|I5.4,I7.4,C9.4,I2.5,I9.4|I8.5,I4.4,I3.5,I5.4,I4.4|I9.4,I7.4,I7.4,I3.5,I4.4|I3.5,C6.4,I9.4,C5.4,I3.5|I8.5,I6.4,I6.4,I3.5,I9.4|I8.5,_,I8.5,I1.5,C8.5"
"","5","54","10","44","10","2/3/4/5/6","6","7","61","62","72","true","61","1478","1416","514","61","32","5","true","","10#I0.4,C0.4|I1.4,I1.4,I2.5,I2.5,I3.4,C4.5|I1.4,I4.5,I0.4|I1.4,I5.4,I6.5,I3.4|I7.5,I6.5,I2.5,C2.5,I5.4#I0.4,I0.4,C5.4,I4.5,C3.4|I7.5,I2.5,I4.5,I8.4,I7.5|I8.4,I2.5,I7.5,I9.4,C7.5|I8.4,C1.4,I6.5,C6.5,I9.4|I4.5,I7.5,I3.4,I5.4,I4.5|I9.4,I6.5,I9.4,C8.4,I6.5|I5.4,_,C9.4,I8.4,I3.4"
"","5","54","10","44","0","2/3/4/5/6","6","7","61","62","72","true","61","1256","1194","443","75","28","5","true","","10#C0.5,I1.5,I2.5|I0.5,I3.4,I3.4,I4.5,I2.5,C2.5|I0.5,I5.4|I6.4,I1.5,I7.4,I7.4|I8.4,I8.4,I3.4,I4.5,C7.4#I5.4,C5.4,C6.4,I2.5,I9.4|C8.4,I5.4,I7.4,C9.4,I1.5|I1.5,C3.4,I4.5,I1.5,I9.4|I7.4,I9.4,I2.5,C1.5,I5.4|I2.5,I6.4,C4.5,I6.4,I6.4|I4.5,I3.4,I0.5,I4.5,I9.4|I0.5,_,I8.4,I8.4,I0.5"
"","5","54","10","44","10","2/3/4/5/6","6","7","61","62","72","true","61","1700","1638","550","315","305","5","true","","10#C0.5,C1.4,I2.5,C3.4,I4.4|I1.4,I1.4,C5.4,I6.5,I7.5,I3.4|I2.5,I2.5,C2.5,C4.4|I2.5,I8.4|I4.4,I4.4,I4.4#I6.5,I8.4,C6.5,I1.4,I3.4|I6.5,I3.4,I2.5,I6.5,I6.5|I1.4,I7.5,C8.4,I3.4,C7.5|I5.4,I8.4,I0.5,I5.4,I5.4|C9.4,I9.4,I7.5,I0.5,I9.4|I7.5,I0.5,I5.4,I7.5,I0.5|I0.5,_,I9.4,I9.4,I8.4"
"","5","54","10","44","10","2/3/4/5/6","6","7","61","62","72","true","61","1584","1522","454","323","268","5","true","","10#I0.4,C1.4,I2.4,I3.4,I4.4,C4.4|I1.4,C2.4|I5.5,I1.4,I6.4|I7.5,I2.4,C7.5,I8.5,I1.4|I8.5,I2.4,I0.4,I4.4#C3.4,C6.4,I4.4,I3.4,C0.4|I4.4,C8.5,I6.4,I1.4,I2.4|I0.4,I3.4,C5.5,I3.4,I0.4|C9.5,I9.5,I5.5,I9.5,I8.5|I9.5,I7.5,I8.5,I7.5,I6.4|I8.5,I9.5,I5.5,I6.4,I5.5|_,I5.5,I9.5,I7.5,I7.5"
"","5","54","10","44","10","2/3/4/5/6","6","7","61","62","72","true","61","1520","1458","336","333","526","5","true","","10#C0.5,I1.4|C2.5,I0.5,I3.4|I0.5,I3.4,I1.4,I4.5,C4.5|I2.5,I2.5,I5.4,I3.4,I6.4,I1.4|I3.4,I5.4,I4.5,I4.5#C3.4,I1.4,I6.4,I6.4,I4.5|C1.4,C5.4,C6.4,I4.5,I6.4|I5.4,I2.5,I2.5,I0.5,I5.4|I7.4,I0.5,I8.4,I2.5,I0.5|I7.4,I7.4,I9.5,I9.5,I9.5|C8.4,C7.4,I9.5,I7.4,C9.5|I8.4,I8.4,I8.4,_,I9.5"
"","5","54","10","44","10","2/3/4/5/6","6","7","61","62","72","true","61","1294","1232","324","321","203","5","true","","10#I0.4,C1.4|I1.4,I2.4,C3.4|I4.4,I5.4,I6.5,I2.4|I7.5,I3.4,I6.5,C6.5,I0.4,C8.5|I9.5,I5.4,I6.5,I7.5,I6.5#C5.4,C0.4,I8.5,I1.4,C4.4|I3.4,I8.5,I0.4,I8.5,I8.5|I3.4,I8.5,I5.4,I2.4,I3.4|C7.5,C2.4,I0.4,I5.4,I7.5|I2.4,I6.5,I7.5,I1.4,I1.4|I4.4,C9.5,I4.4,I7.5,I4.4|I9.5,I9.5,I9.5,_,I9.5"
"","5","54","10","44","10","2/3/4/5/6","6","7","61","62","72","true","61","1523","1461","577","141","167","5","true","","10#C0.4,C1.4|I0.4,I2.5,I3.5|I4.4,I4.4,I5.4,I1.4,I1.4|I6.5,I2.5,I2.5,I3.5,I6.5,I3.5|I6.5,I3.5,I6.5,I1.4#I1.4,C3.5,I7.4,I0.4,I0.4|I7.4,I8.5,C7.4,I3.5,I4.4|C2.5,I2.5,I8.5,I2.5,I7.4|C9.4,I8.5,C8.5,C4.4,I9.4|I7.4,I5.4,I5.4,C5.4,I8.5|I8.5,I4.4,I9.4,I5.4,I9.4|I6.5,I0.4,C6.5,_,I9.4"
"","5","54","10","44","0","2/3/4/5/6","6","7","61","62","72","true","61","2987","2925","893","52","61","5","true","","10#C0.5,C1.4,C2.5|I1.4,I1.4,I3.4,I4.4,C3.4|I4.4,I5.5,I6.4,I4.4|I5.5,I5.5|I6.4,I7.4,I3.4,I3.4,C7.4,C6.4#I5.5,I7.4,I7.4,I3.4,C4.4|C5.5,I7.4,I2.5,I8.4,C8.4|I2.5,I0.5,I6.4,I4.4,I0.5|I2.5,I8.4,I8.4,I8.4,I2.5|C9.5,I6.4,I9.5,I2.5,I1.4|I0.5,I5.5,I9.5,I9.5,I9.5|I0.5,I1.4,I0.5,I9.5,_"
